{
    "key": "group_60af790b9fb5c",
    "title": "Block: Products",
    "fields": [],
    "location": [
        [
            {
                "param": "block",
                "operator": "==",
                "value": "acf\/products"
            }
        ]
    ],
    "menu_order": 0,
    "position": "normal",
    "style": "default",
    "label_placement": "top",
    "instruction_placement": "label",
    "hide_on_screen": "",
    "active": true,
    "description": "",
    "modified": 1622112535
}