{
    "key": "group_60b0c0600daab",
    "title": "Product Category",
    "fields": [
        {
            "key": "field_60b0c07043753",
            "label": "Style on category page",
            "name": "style",
            "type": "radio",
            "instructions": "",
            "required": 1,
            "conditional_logic": 0,
            "wrapper": {
                "width": "",
                "class": "",
                "id": ""
            },
            "choices": {
                "starter_kits": "Starter Kits",
                "refill_tablets": "Refill Tablets",
                "lifetime_bottles": "Lifetime Bottles"
            },
            "allow_null": 0,
            "other_choice": 0,
            "default_value": "",
            "layout": "vertical",
            "return_format": "value",
            "save_other_choice": 0
        },
        {
            "key": "field_60b9f5970b193",
            "label": "Display Featured Product?",
            "name": "display_featured_product",
            "type": "true_false",
            "instructions": "",
            "required": 0,
            "conditional_logic": 0,
            "wrapper": {
                "width": "",
                "class": "",
                "id": ""
            },
            "message": "",
            "default_value": 0,
            "ui": 1,
            "ui_on_text": "",
            "ui_off_text": ""
        },
        {
            "key": "field_60b0c97b749c3",
            "label": "Featured Product",
            "name": "top_product",
            "type": "relationship",
            "instructions": "",
            "required": 0,
            "conditional_logic": 0,
            "wrapper": {
                "width": "",
                "class": "",
                "id": ""
            },
            "post_type": [
                "product"
            ],
            "taxonomy": "",
            "filters": [
                "search",
                "taxonomy"
            ],
            "elements": "",
            "min": "",
            "max": 1,
            "return_format": "id"
        }
    ],
    "location": [
        [
            {
                "param": "taxonomy",
                "operator": "==",
                "value": "product_cat"
            }
        ]
    ],
    "menu_order": 0,
    "position": "normal",
    "style": "default",
    "label_placement": "top",
    "instruction_placement": "label",
    "hide_on_screen": "",
    "active": true,
    "description": "",
    "modified": 1622799859
}