{
    "key": "group_60a6669c87216",
    "title": "Footer",
    "fields": [
        {
            "key": "field_60a666a00d5bd",
            "label": "Left Column",
            "name": "",
            "type": "tab",
            "instructions": "",
            "required": 0,
            "conditional_logic": 0,
            "wrapper": {
                "width": "",
                "class": "",
                "id": ""
            },
            "placement": "top",
            "endpoint": 0
        },
        {
            "key": "field_60a666ac0d5be",
            "label": "Paragraph",
            "name": "paragraph_f",
            "type": "textarea",
            "instructions": "",
            "required": 0,
            "conditional_logic": 0,
            "wrapper": {
                "width": "",
                "class": "",
                "id": ""
            },
            "default_value": "",
            "placeholder": "",
            "maxlength": "",
            "rows": "",
            "new_lines": ""
        },
        {
            "key": "field_60b0a1b995bd7",
            "label": "Social",
            "name": "",
            "type": "tab",
            "instructions": "",
            "required": 0,
            "conditional_logic": 0,
            "wrapper": {
                "width": "",
                "class": "",
                "id": ""
            },
            "placement": "top",
            "endpoint": 0
        },
        {
            "key": "field_60b0a473a26b3",
            "label": "Social Title",
            "name": "social_title",
            "type": "text",
            "instructions": "",
            "required": 0,
            "conditional_logic": 0,
            "wrapper": {
                "width": "",
                "class": "",
                "id": ""
            },
            "default_value": "",
            "placeholder": "",
            "prepend": "",
            "append": "",
            "maxlength": ""
        },
        {
            "key": "field_60b0a1c795bd8",
            "label": "Social",
            "name": "social_f",
            "type": "flexible_content",
            "instructions": "",
            "required": 0,
            "conditional_logic": 0,
            "wrapper": {
                "width": "",
                "class": "",
                "id": ""
            },
            "layouts": {
                "layout_60b0a1cce82a6": {
                    "key": "layout_60b0a1cce82a6",
                    "name": "instagram",
                    "label": "Instagram",
                    "display": "block",
                    "sub_fields": [
                        {
                            "key": "field_60b0a1dc95bd9",
                            "label": "Link",
                            "name": "link",
                            "type": "url",
                            "instructions": "",
                            "required": 0,
                            "conditional_logic": 0,
                            "wrapper": {
                                "width": "",
                                "class": "",
                                "id": ""
                            },
                            "default_value": "",
                            "placeholder": ""
                        }
                    ],
                    "min": "",
                    "max": ""
                },
                "layout_60b0a21195bdd": {
                    "key": "layout_60b0a21195bdd",
                    "name": "facebook",
                    "label": "Facebook",
                    "display": "block",
                    "sub_fields": [
                        {
                            "key": "field_60b0a21195bde",
                            "label": "Link",
                            "name": "link",
                            "type": "url",
                            "instructions": "",
                            "required": 0,
                            "conditional_logic": 0,
                            "wrapper": {
                                "width": "",
                                "class": "",
                                "id": ""
                            },
                            "default_value": "",
                            "placeholder": ""
                        }
                    ],
                    "min": "",
                    "max": ""
                },
                "layout_60b0a20f95bdb": {
                    "key": "layout_60b0a20f95bdb",
                    "name": "twitter",
                    "label": "Twitter",
                    "display": "block",
                    "sub_fields": [
                        {
                            "key": "field_60b0a20f95bdc",
                            "label": "Link",
                            "name": "link",
                            "type": "url",
                            "instructions": "",
                            "required": 0,
                            "conditional_logic": 0,
                            "wrapper": {
                                "width": "",
                                "class": "",
                                "id": ""
                            },
                            "default_value": "",
                            "placeholder": ""
                        }
                    ],
                    "min": "",
                    "max": ""
                }
            },
            "button_label": "Add Row",
            "min": "",
            "max": ""
        }
    ],
    "location": [
        [
            {
                "param": "options_page",
                "operator": "==",
                "value": "acf-options-footer"
            }
        ]
    ],
    "menu_order": 0,
    "position": "normal",
    "style": "default",
    "label_placement": "top",
    "instruction_placement": "label",
    "hide_on_screen": "",
    "active": true,
    "description": "",
    "modified": 1622189183
}